Marca, Produto, Composição Completa (Ingredientes), Preço Médio (R$)
Principia, Vitamina C-10 (30ml), "Aqua, Sodium Ascorbyl Phosphate, Dipropylene Glycol, Ferulic Acid, Ethoxydiglycol, Glycerin, Xanthan Gum, Disodium EDTA, Phenoxyethanol, Ethylhexylglycerin, Sodium Metabisulfite", 59.00
Principia, Niacinamida NC-10 (30ml), "Aqua, Niacinamide, Zinc PCA, Hydroxyethylcellulose, Ethoxydiglycol, Glycerin, Phenoxyethanol, Ethylhexylglycerin, Disodium EDTA", 54.00
Principia, Ácido Hialurônico AH-2 (30ml), "Aqua, Sodium Hyaluronate, Panthenol, Ethoxydiglycol, Glycerin, Hydrolyzed Hyaluronic Acid, Xanthan Gum, Disodium EDTA, Phenoxyethanol, Ethylhexylglycerin", 49.00
Principia, Ácido Mandélico AM-10 (30ml), "Aqua, Mandelic Acid, Alpha-Arbutin, Ethoxydiglycol, Glycerin, Ammonium Hydroxide, Xanthan Gum, Disodium EDTA, Phenoxyethanol, Ethylhexylglycerin", 59.00
Principia, Ácido Glicólico AG-10 (30ml), "Aqua, Glycolic Acid, Ammonium Hydroxide, Ethoxydiglycol, Glycerin, Xanthan Gum, Disodium EDTA, Phenoxyethanol, Ethylhexylglycerin", 59.00
Principia, Retinol RN-0.3 (30ml), "Aqua, Caprylic/Capric Triglyceride, Retinol, Tocopherol, Ethoxydiglycol, Glycerin, Polysorbate 20, Xanthan Gum, Disodium EDTA, Phenoxyethanol, Ethylhexylglycerin", 59.00
Principia, Peptídeos Matrixyl PM-10 (30ml), "Aqua, Glycerin, Butylene Glycol, Carbomer, Polysorbate 20, Palmitoyl Tripeptide-1, Palmitoyl Tetrapeptide-7, Ethoxydiglycol, Xanthan Gum, Disodium EDTA, Phenoxyethanol, Ethylhexylglycerin", 69.00
Principia, Ácido Lático AL-10 (30ml), "Aqua, Lactic Acid, Kojic Acid, Ethoxydiglycol, Glycerin, Sodium Hyaluronate, Xanthan Gum, Ammonium Hydroxide, Disodium EDTA, Phenoxyethanol, Ethylhexylglycerin", 54.00
Principia, Mix-01 Niacinamida + Ácidos (30ml), "Aqua, Niacinamide, Glycolic Acid, Tranexamic Acid, Salicylic Acid, Ethoxydiglycol, Glycerin, Xanthan Gum, Ammonium Hydroxide, Disodium EDTA, Phenoxyethanol, Ethylhexylglycerin", 59.00
Principia, Mix-02 Ácidos + Prebióticos (30ml), "Aqua, Mandelic Acid, Salicylic Acid, Gluconolactone, Alpha-Glucan Oligosaccharide, Ethoxydiglycol, Glycerin, Xanthan Gum, Ammonium Hydroxide, Disodium EDTA, Phenoxyethanol, Ethylhexylglycerin", 59.00
Principia, Gel de Limpeza GL-01 (350g), "Aqua, Sodium Laureth Sulfate, Cocamidopropyl Betaine, Salicylic Acid, Glycerin, Zinc PCA, PEG-150 Distearate, Sodium Chloride, Disodium EDTA, Phenoxyethanol, Ethylhexylglycerin", 44.00
Principia, Gel de Limpeza GL-02 (350g), "Aqua, Cocamidopropyl Betaine, Glycerin, Sodium PCA, Decyl Glucoside, Lauryl Glucoside, Xanthan Gum, Citric Acid, Disodium EDTA, Phenoxyethanol, Ethylhexylglycerin", 49.00
Principia, Óleo de Limpeza OL-01 (150ml), "Helianthus Annuus Seed Oil, PEG-20 Glyceryl Triisostearate, Tocopherol, Caprylic/Capric Triglyceride", 59.00
Principia, Gel Creme Hidratante GH-01 (40g), "Aqua, Glycerin, Sodium Hyaluronate, Niacinamide, Butyrospermum Parkii Butter, Sodium Polyacrylate, Hydrogenated Polydecene, Trideceth-6, Sodium Gluconate, Phenoxyethanol, Ethylhexylglycerin", 44.00
Principia, Hidratante Calmante CM-01 (40g), "Aqua, Panthenol, Squalane, Glycerin, Butyrospermum Parkii Butter, Tocopheryl Acetate, Bisabolol, Allantoin, Centella Asiatica Extract, Sodium Gluconate, Phenoxyethanol, Ethylhexylglycerin", 44.00
Principia, Protetor Solar PS-01 FPS 60 (40g), "Aqua, Niacinamide, Ethylhexyl Salicylate, Butyl Methoxydibenzoylmethane, Bis-Ethylhexyloxyphenol Methoxyphenyl Triazine, Tocopherol, Panthenol, Glycerin, Xanthan Gum, Phenoxyethanol", 49.00
Principia, Protetor Solar PS-02 Fluido FPS 60 (50ml), "Aqua, Octocrylene, Ethylhexyl Methoxycinnamate, Butyl Methoxydibenzoylmethane, Homosalate, Bis-Ethylhexyloxyphenol Methoxyphenyl Triazine, Cyclopentasiloxane, Tocopheryl Acetate, Phenoxyethanol", 54.00
Principia, Loção Hidratante Corporal LH-01 (200ml), "Aqua, Urea, Helianthus Annuus Seed Oil, Glycerin, Cetearyl Alcohol, Ceteareth-20, Glyceryl Stearate, Sodium Gluconate, Phenoxyethanol, Ethylhexylglycerin", 44.00
Principia, Emulsão Corporal EC-01 (200ml), "Aqua, Lactic Acid, Butyrospermum Parkii Butter, Glycerin, Caprylic/Capric Triglyceride, Cetearyl Alcohol, Ceteareth-20, Ammonium Hydroxide, Phenoxyethanol, Ethylhexylglycerin", 49.00
La Roche-Posay, Effaclar Gel Concentrado (150g), "Aqua, Sodium Laureth Sulfate, Decyl Glucoside, Glycerin, Sodium Chloride, Coco-Betaine, Salicylic Acid, PEG-150 Pentaerythrityl Tetrastearate, PEG-6 Caprylic/Capric Glycerides, Zinc Gluconate, Sodium Hydroxide, Capryloyl Salicylic Acid, Tetrasodium EDTA, Citric Acid, Menthol, Polyquaternium-47, Hexylene Glycol", 89.00
La Roche-Posay, Effaclar Gel Alta Tolerância (150g), "Aqua, Coconut Acid, PEG-7 Glyceryl Cocoate, Polysorbate 20, Magnesium Laureth Sulfate, Propylene Glycol, Sorbitol, Tetrasodium EDTA, Zinc PCA, Polisorbate 60, Caprylyl Glycol, Citric Acid, Parfum", 85.00
La Roche-Posay, Effaclar Sérum Ultra Concentrado (30ml), "Aqua, Alcohol Denat., Propanediol, Glycolic Acid, Niacinamide, Dimethyl Isosorbide, Pentylene Glycol, Salicylic Acid, Sodium Hydroxide, PEG-60 Hydrogenated Castor Oil, Hydroxyethylpiperazine Ethane Sulfonic Acid, Citric Acid, PEG-30 Glyceryl Cocoate, Capryloyl Salicylic Acid, Biosaccharide Gum-1, Maltodextrin, Phytic Acid, Polyquaternium-10, Parfum", 219.00
La Roche-Posay, Effaclar Duo (+) Tratamento (40g), "Aqua, Glycerin, Dimethicone, Isocetyl Stearate, Niacinamide, Isopropyl Lauroyl Sarcosinate, Silica, Ammonium Polyacryloyldimethyl Taurate, Methyl Methacrylate Crosspolymer, Potassium Cetyl Phosphate, Sorbitan Oleate, Zinc PCA, Glyceryl Stearate SE, Isohexadecane, Sodium Hydroxide, Myristyl Myristate, 2-Oleamido-1,3-Octadecanediol, Aluminum Starch Octenylsuccinate, Mannose, Poloxamer 338, Disodium EDTA, Capryloyl Salicylic Acid, Caprylyl Glycol, Vitreoscilla Ferment, Xanthan Gum, Polysorbate 80, Acrylamide/Sodium Acryloyldimethyltaurate Copolymer, Salicylic Acid, Piroctone Olamine, Parfum", 145.00
La Roche-Posay, Effaclar Mat Hidratante (40ml), "Aqua, Glycerin, Dimethicone, Isocetyl Stearate, Alcohol Denat., Silica, Dimethicone/Vinyl Dimethicone Crosspolymer, Acrylamide/Sodium Acryloyldimethyltaurate Copolymer, Methyl Methacrylate Crosspolymer, Butylene Glycol, PEG-100 Stearate, Cocamide MEA, Sarcosine, Glyceryl Stearate, Triethanolamine, Isohexadecane, Perlite, Capryloyl Salicylic Acid, Tetrasodium EDTA, Pentylene Glycol, Polysorbate 80, Acrylates/C10-30 Alkyl Acrylate Crosspolymer, Salicylic Acid, Parfum", 139.00
La Roche-Posay, Anthelios Airlicium FPS 70 (40g), "Aqua, Silica, Isononyl Isononanoate, Bis-Ethylhexyloxyphenol Methoxyphenyl Triazine, Homosalate, Ethylhexyl Triazone, Butyl Methoxydibenzoylmethane, Phenylbenzimidazole Sulfonic Acid, Diisopropyl Sebacate, Triethanolamine, Octocrylene, Titanium Dioxide, Methylene Bis-Benzotriazolyl Tetramethylbutylphenol, Zea Mays Starch, Glycerin, Caprylyl Methicone, C12-15 Alkyl Benzoate, Styrene/Acrylates Copolymer, Glyceryl Stearate, PEG-100 Stearate, Terephthalylidene Dicamphor Sulfonic Acid, Ammonium Acryloyldimethyltaurate/VP Copolymer, Phenoxyethanol, Caprylyl Glycol, Aluminum Hydroxide, Stearic Acid, Dimethicone, Disodium EDTA, Sodium Methyl Stearoyl Taurate, Hydrolyzed Hyaluronic Acid, Zinc Gluconate, Scutellaria Baicalensis Extract, Parfum", 95.00
La Roche-Posay, Anthelios Ultra Cover FPS 60 (30g), "Aqua, CI 77891, Titanium Dioxide, Ethylhexyl Methoxycinnamate, Glycerin, Drometrizole Trisiloxane, Dimethicone, Alcohol, Isopropyl Lauroyl Sarcosinate, Ethylhexyl Triazone, Propylene Glycol, Bis-Ethylhexyloxyphenol Methoxyphenyl Triazine, Diethylamino Hydroxybenzoyl Hexyl Benzoate, Titanium Dioxide, Pentylene Glycol, CI 77492, CI 77491, CI 77499, Cetyl Phosphate, C14-22 Alcohols, Stearic Acid, Potassium Cetyl Phosphate, Aluminum Hydroxide, Phenoxyethanol, PEG-100 Stearate, Glyceryl Stearate, C12-20 Alkyl Glucoside, Tocopherol, Xanthan Gum, Disodium EDTA, Parfum", 105.00
La Roche-Posay, Anthelios UVMune 400 Fluido (50ml), "Aqua, Alcohol Denat., Triethyl Citrate, Diisopropyl Sebacate, Silica, Ethylhexyl Salicylate, Bis-Ethylhexyloxyphenol Methoxyphenyl Triazine, Ethylhexyl Triazone, Butyl Methoxydibenzoylmethane, Glycerin, Propanediol, C12-22 Alkyl Acrylate/Hydroxyethylacrylate Copolymer, Methoxypropylamino Cyclohexenylidene Ethoxyethylcyanoacetate, Perlite, Tocopherol, Caprylic/Capric Triglyceride, Acrylates/C10-30 Alkyl Acrylate Crosspolymer, Caprylyl Glycol, Diethylamino Hydroxybenzoyl Hexyl Benzoate, Drometrizole Trisiloxane, Hydroxyethylcellulose, Terephthalylidene Dicamphor Sulfonic Acid, Triethanolamine, Trisodium Ethylenediamine Disuccinate, Parfum", 115.00
La Roche-Posay, Anthelios AE-Pigmentation FPS 50 (40g), "Aqua, Glycerin, Panthenol, Alcohol Denat., Dimethicone, Bis-Ethylhexyloxyphenol Methoxyphenyl Triazine, Drometrizole Trisiloxane, Butyl Methoxydibenzoylmethane, Ethylhexyl Triazone, Styrene/Acrylates Copolymer, Caprylyl Methicone, Niacinamide, Isopropyl Lauroyl Sarcosinate, Silica, Ammonium Polyacryloyldimethyl Taurate, Zingiber Officinale Root Extract, Resveratrol, Tocopherol, Phenoxyethanol, Disodium EDTA, Fragrance", 109.00
La Roche-Posay, Hyalu B5 Sérum (30ml), "Aqua, Glycerin, Alcohol Denat., Propylene Glycol, Panthenol, Pentylene Glycol, Dimethicone, PEG-6 Caprylic/Capric Glycerides, PPG-6-Decyltetradeceth-30, Glyceryl Isostearate, Madecassoside, Sodium Hyaluronate, Ammonium Polyacryloyldimethyl Taurate, Disodium EDTA, Hydrolyzed Hyaluronic Acid, Caprylyl Glycol, Citric Acid, Xanthan Gum, Tocopherol, Phenoxyethanol, Parfum", 229.00
La Roche-Posay, Hyalu B5 Olhos (15ml), "Aqua, Glycerin, Butyrospermum Parkii Butter, Dimethicone, Prunus Armeniaca Kernel Oil, Pentaerythrityl Tetraethylhexanoate, Panthenol, Silica, Isohexadecane, Zea Mays Starch, Propylene Glycol, Hydroxypropyl Tetrahydropyrantriol, Stearic Acid, Palmitic Acid, PEG-100 Stearate, Glyceryl Stearate, PEG-20 Stearate, Stearyl Alcohol, Bisabolol, Tin Oxide, Sorbitan Oleate, Dimethiconol, Sodium Hyaluronate, Arginine PCA, Serine, Myristic Acid, Alumina, Disodium EDTA, Isopropyl Titanium Triisostearate, Hydrolyzed Hyaluronic Acid, Hydrolyzed Linseed Extract, Citric Acid, Acetyl Dipeptide-1 Cetyl Ester, Toluene Sulfonic Acid, Potassium Sorbate, Sodium Benzoate, Phenoxyethanol, CI 77891, Mica", 179.00
La Roche-Posay, Hyalu B5 Aquagel FPS 30 (40ml), "Aqua, Glycerin, Octocrylene, Homosalate, Ethylhexyl Salicylate, Butyl Methoxydibenzoylmethane, Alcohol Denat., Ethylhexyl Triazone, Dicaprylyl Carbonate, Poly C10-30 Alkyl Acrylate, Alaria Esculenta Extract, Panthenol, Sodium Hyaluronate, Caprylic/Capric Triglyceride, Caprylyl Glycol, Disodium EDTA, Hydrolyzed Hyaluronic Acid, Phenoxyethanol, Tocopherol, Parfum", 199.00
La Roche-Posay, Cicaplast Baume B5+ (40g), "Aqua, Hydrogenated Polyisobutene, Dimethicone, Glycerin, Butyrospermum Parkii Butter, Panthenol, Zea Mays Starch, Aluminum Starch Octenylsuccinate, Propanediol, Cetyl PEG/PPG-10/1 Dimethicone, Trihydroxystearin, Tribehenin, Madecassoside, Manganese Gluconate, Silica, Aluminum Hydroxide, Magnesium Sulfate, Disodium EDTA, Copper Gluconate, Capryloyl Glycine, Citric Acid, Acetylated Glycol Stearate, Polyglyceryl-4 Isostearate, Tocopherol, Pentaerythrityl Tetra-Di-T-Butyl Hydroxyhydrocinnamate, CI 77891", 65.00
La Roche-Posay, Cicaplast Labial (7.5ml), "Caprylic/Capric Triglyceride, PPG-5 Pentaerythrityl Ether, PEG-5 Pentaerythrityl Ether, Butyrospermum Parkii Butter, Cera Alba, Panthenol, Hydrogenated Vegetable Oil, Ethylhexyl Palmitate, Silica Silylate, Polybutene, Glycine Soja Sterols, Aqua, Sodium Saccharin, Myristyl Malate Phosphonic Acid, Pentaerythrityl Tetra-Di-T-Butyl Hydroxyhydrocinnamate", 45.00
La Roche-Posay, Pure Vitamin C10 Sérum (30ml), "Aqua, Ascorbic Acid, Cyclohexasiloxane, Glycerin, Alcohol Denat., Potassium Hydroxide, Polymethylsilsesquioxane, Polysilicone-11, Dimethicone, Propylene Glycol, Pentaerythrityl Tetraethylhexanoate, C13-14 Isoparaffin, PEG-20 Methyl Glucose Sesquistearate, Sodium Hyaluronate, Adenosine, Poloxamer 338, Ammonium Polyacryloyldimethyl Taurate, Disodium EDTA, Hydrolyzed Hyaluronic Acid, Caprylyl Glycol, Laureth-7, Acetyl Dipeptide-1 Cetyl Ester, Xanthan Gum, Toluene Sulfonic Acid, Polyacrylamide, Tocopherol, Salicylic Acid, Parfum", 245.00
La Roche-Posay, Toleriane Sensitive Hidratante (40ml), "Aqua, Glycerin, Squalane, Dimethicone, Zea Mays Starch, Niacinamide, Ammonium Polyacryloyldimethyl Taurate, Myristyl Myristate, Stearic Acid, Ceramide NP, Potassium Cetyl Phosphate, Glyceryl Stearate SE, Sodium Hydroxide, Myristic Acid, Palmitic Acid, Capryloyl Glycine, Caprylyl Glycol, Xanthan Gum", 109.00
La Roche-Posay, Lipikar Baume AP+M (200ml), "Aqua, Butyrospermum Parkii Butter, Glycerin, Dimethicone, Niacinamide, Cetearyl Alcohol, Brassica Campestris Seed Oil, Glyceryl Stearate, Ammonium Polyacryloyldimethyl Taurate, PEG-100 Stearate, Propanediol, Ophiopogon Japonicus Root Extract, PEG-20 Methyl Glucose Sesquistearate, Sorbitan Tristearate, Dimethiconol, Sodium Chloride, Mannose, Coco-Betaine, Disodium EDTA, Capryloyl Glycine, Caprylyl Glycol, Vitreoscilla Ferment, Citric Acid, Maltodextrin, Xanthan Gum, Tocopherol, Pentaerythrityl Tetra-Di-T-Butyl Hydroxyhydrocinnamate", 125.00
CeraVe, Gel de Limpeza Espumante (236ml), "Aqua, Cocamidopropyl Hydroxysultaine, Glycerin, Sodium Lauroyl Sarcosinate, PEG-150 Pentaerythrityl Tetrastearate, Niacinamide, PEG-6 Caprylic/Capric Glycerides, Sodium Methyl Cocoyl Taurate, Propylene Glycol, Ceramide NP, Ceramide AP, Ceramide EOP, Methylparaben, Sodium Chloride, Sodium Lauroyl Lactylate, Cholesterol, Disodium EDTA, Propylparaben, Citric Acid, Tetrasodium EDTA, Hydrolyzed Hyaluronic Acid, Phytosphingosine, Xanthan Gum", 79.00
CeraVe, Loção de Limpeza Hidratante (236ml), "Aqua, Glycerin, Cetearyl Alcohol, PEG-40 Stearate, Stearyl Alcohol, Potassium Phosphate, Ceramide NP, Ceramide AP, Ceramide EOP, Carbomer, Glyceryl Stearate, Behentrimonium Methosulfate, Sodium Lauroyl Lactylate, Sodium Hyaluronate, Cholesterol, Phenoxyethanol, Disodium EDTA, Dipotassium Phosphate, Tocopherol, Phytosphingosine, Xanthan Gum, Ethylhexylglycerin", 75.00
CeraVe, Óleo de Limpeza Hidratante (236ml), "Aqua, Glycerin, PEG-7 Glyceryl Cocoate, Cocamidopropyl Betaine, Sodium Cocoamphoacetate, Disodium Cocoyl Glutamate, Saccharide Isomerate, Decyl Glucoside, Squalane, Ceramide NP, Ceramide AP, Ceramide EOP, Carbomer, Sodium Chloride, Sodium Hydroxide, Sodium Lauroyl Lactylate, Sodium Hyaluronate, Cholesterol, Citric Acid, Capryloyl Glycine, Hydroxyacetophenone, Caprylyl Glycol, Vitreoscilla Ferment, Phytosphingosine, Xanthan Gum, Benzoic Acid", 95.00
CeraVe, Gel de Limpeza Acne Control (230ml), "Aqua, Glycerin, Sodium Lauroyl Sarcosinate, Niacinamide, Gluconolactone, PEG-150 Pentaerythrityl Tetrastearate, Sodium Methyl Cocoyl Taurate, Salicylic Acid, Ceramide NP, Ceramide AP, Ceramide EOP, Carbomer, Calcium Gluconate, Sodium Chloride, Sodium Hydroxide, Sodium Lauroyl Lactylate, Cholesterol, Phenoxyethanol, Disodium EDTA, Tetrasodium EDTA, Phytosphingosine, Xanthan Gum, Ethylhexylglycerin", 89.00
CeraVe, Loção Hidratante Corporal (200ml), "Aqua, Glycerin, Caprylic/Capric Triglyceride, Cetearyl Alcohol, Cetyl Alcohol, Potassium Phosphate, Ceramide NP, Ceramide AP, Ceramide EOP, Carbomer, Dimethicone, Ceteareth-20, Behentrimonium Methosulfate, Methylparaben, Sodium Lauroyl Lactylate, Cholesterol, Disodium EDTA, Dipotassium Phosphate, Propylparaben, Hydrolyzed Hyaluronic Acid, Phytosphingosine, Xanthan Gum", 89.00
CeraVe, Creme Hidratante Pote (453g), "Aqua, Glycerin, Cetearyl Alcohol, Caprylic/Capric Triglyceride, Cetyl Alcohol, Ceteareth-20, Petrolatum, Potassium Phosphate, Ceramide NP, Ceramide AP, Ceramide EOP, Carbomer, Dimethicone, Behentrimonium Methosulfate, Sodium Lauroyl Lactylate, Sodium Hyaluronate, Cholesterol, Phenoxyethanol, Disodium EDTA, Dipotassium Phosphate, Tocopherol, Phytosphingosine, Xanthan Gum, Ethylhexylglycerin", 115.00
CeraVe, Loção Facial Hidratante (52ml), "Aqua, Glycerin, Caprylic/Capric Triglyceride, Niacinamide, Cetearyl Alcohol, Dimethicone, Phenoxyethanol, Ceteareth-20, Behentrimonium Methosulfate, Caprylyl Glycol, Polyglyceryl-3 Diisostearate, Sodium Lauroyl Lactylate, Potassium Phosphate, Disodium EDTA, Dipotassium Phosphate, Ceramide NP, Ceramide AP, Phytosphingosine, Cholesterol, Xanthan Gum, Carbomer, Ethylhexylglycerin, Sodium Hyaluronate, Ceramide EOP", 85.00
CeraVe, Creme Alisador SA (340g), "Aqua, Urea, Cetearyl Alcohol, Glycerin, Caprylic/Capric Triglyceride, Ethylhexyl Palmitate, Glyceryl Stearate, Cetyl Alcohol, Salicylic Acid, Niacinamide, Ceramide NP, Ceramide AP, Ceramide EOP, Carbomer, Sodium Lactate, Behentrimonium Methosulfate, Sodium Lauroyl Lactylate, Cholesterol, Phenoxyethanol, Disodium EDTA, Hydrolyzed Hyaluronic Acid, Phytosphingosine, Xanthan Gum, Ethylhexylglycerin", 109.00
CeraVe, Creme Reparador para Olhos (14ml), "Aqua, Niacinamide, Cetyl Alcohol, Caprylic/Capric Triglyceride, Glycerin, Propanediol, Isononyl Isononanoate, Jojoba Esters, PEG-20 Methyl Glucose Sesquistearate, Cetearyl Alcohol, Methyl Glucose Sesquistearate, Asparagopsis Armata Extract, Ceramide NP, Ceramide AP, Ceramide EOP, Carbomer, Zinc Citrate, Behentrimonium Methosulfate, Aloe Barbadensis Leaf Extract, Sodium Lauroyl Lactylate, Sodium Hydroxide, Equisetum Arvense Extract, Sodium Hyaluronate, Cholesterol, Phenoxyethanol, Prunus Amygdalus Dulcis Oil, Tocopherol, Butylene Glycol, Sweet Almond Oil, Xanthan Gum, Ethylhexylglycerin", 85.00
CeraVe, Creme para Mãos Renovador (50ml), "Aqua, Glycerin, Cetearyl Alcohol, Caprylic/Capric Triglyceride, Cetyl Alcohol, Aluminum Starch Octenylsuccinate, Ceteareth-20, Behentrimonium Methosulfate, Carbomer, Ceramide AP, Ceramide EOP, Ceramide NP, Cholesterol, Dimethicone, Dipotassium Phosphate, Disodium EDTA, Ethylhexylglycerin, Phenoxyethanol, Phytosphingosine, Potassium Phosphate, Sodium Hyaluronate, Sodium Lauroyl Lactylate, Xanthan Gum", 49.00
Creamy, Ácido Mandélico Rosa (30g), "Aqua, Mandelic Acid, Alpha-Arbutin, Allantoin, Glycerin, Hydroxyethylcellulose, Ammonium Hydroxide, Disodium EDTA, Phenoxyethanol, Ethylhexylglycerin", 79.00
Creamy, Ácido Glicólico Roxo (30g), "Aqua, Glycolic Acid, Niacinamide, Glycerin, Alpha-Glucan Oligosaccharide, Allantoin, Hydroxyethylcellulose, Ammonium Hydroxide, Disodium EDTA, Phenoxyethanol, Ethylhexylglycerin", 84.00
Creamy, Ácido Salicílico Verde (30ml), "Aqua, Salicylic Acid, Glycerin, Xylitylglucoside, Anhydroxylitol, Xylitol, Hydroxyethylcellulose, Sodium Hydroxide, Disodium EDTA, Phenoxyethanol, Ethylhexylglycerin", 79.00
Creamy, Ácido Tranexâmico Azul (30g), "Aqua, Tranexamic Acid, Niacinamide, Kojic Acid, Alpha-Arbutin, Dipropylene Glycol, Glycerin, Xanthan Gum, Disodium EDTA, Phenoxyethanol, Ethylhexylglycerin", 89.00
Creamy, Ácido Lático Amarelo (30g), "Aqua, Lactic Acid, Niacinamide, Alpha-Glucan Oligosaccharide, Glycerin, Hydroxyethylcellulose, Ammonium Hydroxide, Disodium EDTA, Phenoxyethanol, Ethylhexylglycerin", 79.00
Creamy, Retinol 0.3 (30g), "Aqua, Caprylic/Capric Triglyceride, Retinol, Allantoin, Bisabolol, Glycerin, Polysorbate 20, Xanthan Gum, Disodium EDTA, Phenoxyethanol, Ethylhexylglycerin, BHT, BHA", 95.00
Creamy, Retinal 0.1 (30g), "Aqua, Retinal, Nano-Encapsulated Retinaldehyde, Sodium Hyaluronate, Bisabolol, Glycerin, Carbomer, Sodium Hydroxide, Phenoxyethanol, Ethylhexylglycerin", 109.00
Creamy, Calming Cream (40g), "Aqua, Glycerin, Caprylic/Capric Triglyceride, Creamy Complex (Centella Asiatica + Bisabolol + Allantoin), Dipotassium Glycyrrhizate, Sodium Hyaluronate, Phenoxyethanol, Ethylhexylglycerin", 59.00
Creamy, Peptide Cream (30g), "Aqua, Acetyl Hexapeptide-8, Palmitoyl Tripeptide-1, Palmitoyl Tetrapeptide-7, Sodium Hyaluronate, Glycerin, Butylene Glycol, Carbomer, Polysorbate 20, Phenoxyethanol, Ethylhexylglycerin", 89.00
Creamy, Intensive Repair Cream (40g), "Aqua, Persea Gratissima Oil (Avocadin), Palmitoyl Tripeptide-8 (Neutrazen), Glycerin, Squalane, Ceramide NP, Ceramide AP, Ceramide EOP, Phytosphingosine, Cholesterol, Phenoxyethanol", 79.00
Creamy, Jelly Cleanser (180ml), "Aqua, Sodium Cocoyl Isethionate, Cocamidopropyl Betaine, Glycerin, Aloe Barbadensis Leaf Extract, Chamomilla Recutita Flower Extract, Xanthan Gum, Citric Acid, Phenoxyethanol, Ethylhexylglycerin", 55.00
Creamy, Emulsion Cleanse (180ml), "Aqua, PEG-7 Glyceryl Cocoate, Glycerin, Cetearyl Alcohol, Stearic Acid, Centella Asiatica Extract, Sodium Hyaluronate, Disodium EDTA, Phenoxyethanol, Ethylhexylglycerin", 65.00
Creamy, Watery Lotion FPS 60 (50ml), "Aqua, Ethylhexyl Salicylate, Butyl Methoxydibenzoylmethane, Bis-Ethylhexyloxyphenol Methoxyphenyl Triazine, Silica, Glycerin, Styrene/Acrylates Copolymer, Tocopherol, Phenoxyethanol, Ethylhexylglycerin", 75.00
Natura Chronos, Sérum Preenchedor Bioidratante (30ml), "Aqua, Glycerin, Propanediol, Pentylene Glycol, Fevilla Trilobata Seed Oil, Sodium Hyaluronate, Hydrolyzed Hyaluronic Acid, Casearia Sylvestris Leaf Extract, Silica, Xanthan Gum, Tocopherol, Phenoxyethanol, Ethylhexylglycerin, Disodium EDTA, Parfum", 165.00
Natura Chronos, Concentrado de Vitamina C (15g), "Ascorbic Acid, Glycerin, Propanediol, Malpighia Glabra Fruits Extract (Acerola), Zingiber Officinale Root Extract, Alcohol, Sodium Hyaluronate, Phenoxyethanol, Ethylhexylglycerin, Aqua", 155.00
Natura Chronos, Sérum Intensivo Multi-clareador (30g), "Aqua, Niacinamide, Glycerin, Dicaprylyl Carbonate, Schinus Terebinthifolius Leaf Extract (Aroeira), Mandelic Acid, Tranexamic Acid, Salicylic Acid, Panthenol, Tocopherol, Xanthan Gum, Phenoxyethanol, Sodium Hydroxide, Parfum", 185.00
Natura Chronos, Acqua Biohidratante Renovador (40g), "Aqua, Glycerin, PentTitaniumylene Glycol, Fevilla Trilobata Seed Oil, Sodium Hyaluronate, Casearia Sylvestris Leaf Extract, Ammonium Acryloyldimethyltaurate/VP Copolymer, Phenoxyethanol, Ethylhexylglycerin, Sodium Gluconate, Parfum", 145.00
Natura Chronos, Antissinais 30+ Dia (40g), "Aqua, Ethylhexyl Methoxycinnamate, Glycerin, Cyclopentasiloxane, Polymethicone, Hymenaea Courbaril Starch (Jatobá), Biosaccharide Gum-1, Spilanthes Acmella Flower Extract (Jambu), Tocopheryl Acetate, Phenoxyethanol, Ethylhexylglycerin, Parfum, FPS 30", 135.00
Natura Chronos, Antissinais 45+ Noite (40g), "Aqua, Glycerin, Caprylic/Capric Triglyceride, Hymenaea Courbaril Starch (Jatobá), Cupuacu Butter, Casearia Sylvestris Leaf Extract, Retinyl Palmitate, Tocopherol, Biosaccharide Gum-1, Phenoxyethanol, Ethylhexylglycerin, Sodium Gluconate, Parfum", 139.00
Natura Chronos, Antissinais 60+ Dia (40g), "Aqua, Ethylhexyl Methoxycinnamate, Glycerin, Isononyl Isononanoate, Casearia Sylvestris Leaf Extract, Hymenaea Courbaril Starch, Glycine Soja Seed Extract, Spilanthes Acmella Extract, Tocopheryl Acetate, Phenoxyethanol, Disodium EDTA, Parfum, FPS 30", 145.00
Natura Chronos, Espuma de Limpeza Suave (150ml), "Aqua, Glycerin, Decyl Glucoside, Sodium Cocoyl Glutamate, Betaine, Cupuacuamidopropyl Betaine, Passiflora Edulis Seed Oil, Citric Acid, Phenoxyethanol, Ethylhexylglycerin, Sodium Gluconate, Parfum", 85.00
Natura Chronos, Água Micelar Purificante (150ml), "Aqua, Glycerin, Poloxamer 184, Peg-7 Glyceryl Cocoate, Orbignya Phalerata Seed Oil, Sodium Cottonseedamphoacetate, Disodium EDTA, Phenoxyethanol, Ethylhexylglycerin, BHT", 65.00
Vichy, Minéral 89 Sérum (50ml), "Aqua / Water, PEG/PPG/Polybutylene Glycol-8/5/3 Glycerin, Glycerin, Butylene Glycol, Methyl Gluceth-20, Carbomer, Sodium Hyaluronate, Phenoxyethanol, Caprylyl Glycol, Citric Acid, Biosaccharide Gum-1", 169.00
Vichy, Minéral 89 Probiotic Fractions (30ml), "Aqua / Water, Niacinamide, Saccharomyces/Xylinum/Black Tea Ferment, Glycerin, Isopropyl Isostearate, Hydroxyethylpiperazine Ethane Sulfonic Acid, Vitreoscilla Ferment, Sodium Hyaluronate, Adenosine, Ammonium Polyacryloyldimethyl Taurate, Caprylyl Glycol, Citric Acid, Trisodium Ethylenediamine Disuccinate, Tocopherol", 199.00
Vichy, Minéral 89 Creme 72h (50ml), "Aqua / Water, Glycerin, Dicaprylyl Ether, Butyrospermum Parkii Butter, Cetearyl Alcohol, Sorbitan Stearate, Glyceryl Stearate, Squalane, Ceramide NP, Sodium Hyaluronate, Ammonium Polyacryloyldimethyl Taurate, Caprylyl Glycol, Citric Acid, Trisodium Ethylenediamine Disuccinate", 155.00
Vichy, Normaderm Phytosolution Gel (150g), "Aqua / Water, Coco-Betaine, Propanediol, PEG-120 Methyl Glucose Dioleate, Sodium Chloride, Sodium Cocoyl Glycinate, Dipropylene Glycol, Zinc Gluconate, Salicylic Acid, Bifida Ferment Lysate, Sodium Hydroxide, Sodium Benzoate, Phenoxyethanol, Copper Gluconate, Caprylyl Glycol, Tetrasodium Glutamate Diacetate, Parfum / Fragrance", 95.00
Vichy, Normaderm Probio-BHA Serum (30ml), "Aqua / Water, Alcohol Denat., Hydroxyethylpiperazine Ethane Sulfonic Acid, Glycolic Acid, Glycerin, Propanediol, Sodium Hydroxide, Salicylic Acid, Sodium Hyaluronate, Vitreoscilla Ferment, Trisodium Ethylenediamine Disuccinate, Panthenol", 189.00
Vichy, Capital Soleil UV-Age Daily FPS 60 (40g), "Aqua / Water, Alcohol Denat., Diisopropyl Sebacate, Silica, Isopropyl Myristate, Ethylhexyl Salicylate, Ethylhexyl Triazone, Bis-Ethylhexyloxyphenol Methoxyphenyl Triazine, Butyl Methoxydibenzoylmethane, Glycerin, C12-22 Alkyl Acrylate/Hydroxyethylacrylate Copolymer, Propanediol, Niacinamide, Drometrizole Trisiloxane, Perlite, Tocopherol, Caprylic/Capric Triglyceride, Hydrolyzed Rice Protein, Vitreoscilla Ferment", 105.00
Vichy, Capital Soleil UV Clear FPS 60 (40g), "Aqua / Water, Alcohol Denat., Ethylhexyl Salicylate, Ethylhexyl Triazone, Silica, Isopropyl Lauroyl Sarcosinate, Bis-Ethylhexyloxyphenol Methoxyphenyl Triazine, Butyl Methoxydibenzoylmethane, Niacinamide, Salicylic Acid, Zinc PCA, Vitreoscilla Ferment, Drometrizole Trisiloxane, Triethanolamine, Trisodium Ethylenediamine Disuccinate", 99.00
Vichy, Liftactiv Specialist B3 Serum (30ml), "Aqua / Water, Butylene Glycol, Niacinamide, Hydroxyethylpiperazine Ethane Sulfonic Acid, Glycerin, Hydrolyzed Rice Protein, Vitreoscilla Ferment, Tranexamic Acid, Caprylyl Glycol, Allantoin, Chlorphenesin, Trisodium Ethylenediamine Disuccinate", 239.00
Vichy, Liftactiv H.A. Epidermic Filler (30ml), "Aqua / Water, Glycerin, Hydroxyethylpiperazine Ethane Sulfonic Acid, Sodium Hyaluronate, PEG-60 Hydrogenated Castor Oil, Secale Cereale Seed Extract / Rye Seed Extract, Panthenol, Calcium Pantothenate, Dipeptide Diaminobutyroyl Benzylamide Diacetate, Phenoxyethanol, Chlorphenesin, Ascorbyl Glucoside, Disodium EDTA", 249.00
Vichy, Minéral 89 72h Moisture Boost Sorbet (50ml), "Aqua / Water, Glycerin, Isopropyl Isostearate, Niacinamide, Butyrospermum Parkii Butter, Squalane, Silica, Sodium Hyaluronate, Vitreoscilla Ferment, Ammonium Polyacryloyldimethyl Taurate, Caprylyl Glycol, Citric Acid", 179.00
Neutrogena, Hydro Boost Water Gel (50g), "Aqua, Dimethicone, Glycerin, Dimethicone Crosspolymer, Trehalose, Sodium Hyaluronate, Ethylhexylglycerin, Cetearyl Olivate, Sorbitan Olivate, Polyacrylamide, C13-14 Isoparaffin, Laureth-7, Carbomer, Sodium Hydroxide, Chlorphenesin, Phenoxyethanol, CI 42090", 79.00
Neutrogena, Hydro Boost Sérum (30ml), "Aqua, Glycerin, Butylene Glycol, Panthenol, Pentylene Glycol, Phenoxyethanol, Chlorphenesin, Acrylates/C10-30 Alkyl Acrylate Crosspolymer, Trehalose, Sodium Hyaluronate, Disodium EDTA, Sodium Hydroxide, Chondrus Crispus Extract", 105.00
Neutrogena, Hydro Boost Olhos (15g), "Aqua, Dimethicone, Glycerin, Cetearyl Olivate, Sorbitan Olivate, Phytosterols, Sodium Hyaluronate, Ethylhexylglycerin, Polyacrylate Crosspolymer-6, Carbomer, Sodium Hydroxide, Phenoxyethanol, Chlorphenesin", 75.00
Neutrogena, Sun Fresh Derm Care FPS 70 (40g), "Aqua, Homosalate, Octocrylene, Butyl Methoxydibenzoylmethane, Ethylhexyl Salicylate, Methylene Bis-Benzotriazolyl Tetramethylbutylphenol, Glycerin, Niacinamide, Silica, Caprylyl Methicone, Aluminum Starch Octenylsuccinate, Sodium Tetramethylbutylphenol, Cetyl Phosphate, Phenoxyethanol, Parfum", 75.00
Neutrogena, Sun Fresh Corporal FPS 50 (120ml), "Aqua, Homosalate, Octocrylene, Butyl Methoxydibenzoylmethane, Ethylhexyl Salicylate, Glycerin, Styrene/Acrylates Copolymer, Silica, Diisopropyl Adipate, Phenoxyethanol, Benzyl Alcohol, Glyceryl Stearate, PEG-100 Stearate, Acrylates/C12-22 Alkyl Methacrylate Copolymer, Acrylates/C10-30 Alkyl Acrylate Crosspolymer, Parfum", 65.00
Neutrogena, Deep Clean Gel de Limpeza (150g), "Aqua, Sodium Laureth Sulfate, Glycerin, Lauryl Glucoside, Cocamidopropyl Betaine, PEG-120 Methyl Glucose Dioleate, Sodium Cocoamphoacetate, Salicylic Acid, Sodium Citrate, Methylparaben, Parfum, Citric Acid, Disodium EDTA, CI 19140, CI 17200", 45.00
Neutrogena, Face Care Intensive Antissinais (100g), "Aqua, Glycerin, Isopropyl Palmitate, Cetyl Alcohol, Dimethicone, Niacinamide, Phenoxyethanol, Sodium Polyacrylate, Caprylyl Glycol, Cetearyl Olivate, Sorbitan Olivate, Hydrolyzed Hyaluronic Acid, Tocopheryl Acetate, Parfum", 55.00
Neutrogena, Retinol Boost Sérum (30ml), "Aqua, Pentaerythrityl Tetraethylhexanoate, PEG-8, PPG-15 Stearyl Ether, Glycerin, Nylon-12, Stearyl Alcohol, Cetearyl Alcohol, Butylene Glycol, Retinol, Myrtus Communis Leaf Extract, Hydrolyzed Hyaluronic Acid, Tocopheryl Acetate, Ceteareth-20, Isohexadecane, Sodium Hyaluronate, Dimethicone, Caprylyl Glycol, Phenoxyethanol", 135.00
Sallve, Limpador Facial (150ml), "Aqua, Sodium Cocoyl Isethionate, Glycerin, Cocamidopropyl Betaine, Decyl Glucoside, Niacinamide, Panthenol, Chamomilla Recutita Flower Extract, Aloe Barbadensis Leaf Extract, Xanthan Gum, Phenoxyethanol, Ethylhexylglycerin", 54.00
Sallve, Bálsamo Demaquilante (100g), "Caprylic/Capric Triglyceride, Helianthus Annuus Seed Oil, PEG-20 Glyceryl Triisostearate, Candelilla Cera, Tocopheryl Acetate, Macadamia Ternifolia Seed Oil, Bisabolol, Phenoxyethanol", 79.00
Sallve, Esfoliante Enzimático (70ml), "Aqua, Hydrated Silica, Glycerin, Bambusa Arundinacea Stem Powder, Bromelain, Papain, Lactobacillus/Pumpkin Fruit Ferment Filtrate, Xanthan Gum, Phenoxyethanol, Ethylhexylglycerin", 69.00
Sallve, Antioxidante Hidratante (35g), "Aqua, Niacinamide, Ethyl Ascorbic Acid (Vitamina C), Glycerin, Ethoxydiglycol, Panthenol, Resveratrol, Sodium Hyaluronate, Caffeine, Tocopheryl Acetate, Bisabolol, Xanthan Gum, Phenoxyethanol", 99.00
Sallve, Sérum Antiacne (35g), "Aqua, Salicylic Acid, Niacinamide, Melaleuca Alternifolia Leaf Oil (Tea Tree), Cica (Centella Asiatica) Extract, Glycerin, Xanthan Gum, Sodium Hydroxide, Phenoxyethanol, Ethylhexylglycerin", 109.00
Sallve, Sérum Uniformizador (35g), "Aqua, Niacinamide, Tranexamic Acid, Alpha-Arbutin, Kojic Acid, Glycyrrhiza Glabra Root Extract (Alcaçuz), Glycerin, Xanthan Gum, Phenoxyethanol, Ethylhexylglycerin", 109.00
Sallve, Hidratante Firmador (35g), "Aqua, Sodium Hyaluronate, Fermented Mushroom Extract, Panthenol, Glycerin, Propanediol, Xanthan Gum, Phenoxyethanol, Ethylhexylglycerin", 99.00
Sallve, Hidratante Reparador (40g), "Aqua, Butyrospermum Parkii Butter, Panthenol, Ceramide NP, Ceramide AP, Ceramide EOP, Phytosphingosine, Cholesterol, Glycerin, Squalane, Bisabolol, Phenoxyethanol", 75.00
Sallve, Protetor Solar Toque Seco FPS 60 (50g), "Aqua, Dibutyl Adipate, Ethylhexyl Triazone, Diethylamino Hydroxybenzoyl Hexyl Benzoate, Bis-Ethylhexyloxyphenol Methoxyphenyl Triazine, Niacinamide, Silica, Tocopheryl Acetate, Phenoxyethanol", 65.00
Sallve, Protetor Solar em Bastão FPS 60 (15g), "Dicaprylyl Carbonate, Diisopropyl Sebacate, Dibutyl Adipate, Candelilla Cera, Ethylhexyl Triazone, Bis-Ethylhexyloxyphenol Methoxyphenyl Triazine, Tocopheryl Acetate, Bisabolol", 85.00
Sallve, Óleo Antiacne (30ml), "Vitis Vinifera Seed Oil, Simmondsia Chinensis Seed Oil, Salicylic Acid, Melaleuca Alternifolia Leaf Oil, Nigella Sativa Seed Oil, Tocopherol", 99.00
Sallve, Tônico Renovador (120ml), "Aqua, AHA (Glycolic Acid + Lactic Acid + Malic Acid), Salicylic Acid, Glycyrrhiza Glabra Root Extract, Glycerin, Panthenol, Sodium Hydroxide, Phenoxyethanol", 64.00
Sallve, Spray Repelente (120ml), "Aqua, Icaridina, Glycerin, Alcohol, PEG-40 Hydrogenated Castor Oil, Phenoxyethanol, Parfum", 55.00
Sallve, Hidratante Labial (10g), "Phytoasqualane, Butyrospermum Parkii Butter, Vitis Vinifera Seed Oil, Vitamin E, Sodium Hyaluronate, Candelilla Cera, Copernicia Cerifera Cera", 29.00
L'Oréal Paris, Revitalift Sérum Hialurônico (30ml), "Aqua, Glycerin, Hydroxyethylpiperazine Ethane Sulfonic Acid, Sodium Hyaluronate, PEG-60 Hydrogenated Castor Oil, Secale Cereale Seed Extract, Panthenol, Dipeptide Diaminobutyroyl Benzylamide Diacetate, Phenoxyethanol, Chlorphenesin, Ascorbyl Glucoside, Disodium EDTA", 99.00
L'Oréal Paris, Revitalift Sérum Retinol (30ml), "Aqua, Glycerin, Alcohol Denat., Isononyl Isononanoate, Pentylene Glycol, Dicaprylyl Ether, Glycine Soja Oil, Propylene Glycol, Retinol, Adenosine, Sodium Hyaluronate, Ammonium Polyacryloyldimethyl Taurate, Caprylyl Glycol, Citric Acid, Tocopherol, Phenoxyethanol", 129.00
L'Oréal Paris, Revitalift Sérum Vitamina C (30ml), "Aqua, Ascorbic Acid, Cyclohexasiloxane, Glycerin, Alcohol Denat., Potassium Hydroxide, Polymethylsilsesquioxane, Polysilicone-11, Dimethicone, Propylene Glycol, Adenosine, Salicylic Acid, Sodium Hyaluronate, Tocopherol, Parfum", 119.00
L'Oréal Paris, Revitalift Hialurônico Gel Creme (50g), "Aqua, Glycerin, Dimethicone, Cetearyl Ethylhexanoate, Alcohol Denat., Ammonium Polyacryloyldimethyl Taurate, Salicylic Acid, Sodium Hyaluronate, Isopropyl Myristate, Caprylyl Glycol, Phenoxyethanol, Parfum", 79.00
L'Oréal Paris, Revitalift Noite Creme (50g), "Aqua, Glycerin, Isohexadecane, Isopropyl Isostearate, Aluminum Starch Octenylsuccinate, Nylon-12, Octyldodecanol, Cetyl Alcohol, Behenyl Alcohol, Adenosine, Capryloyl Salicylic Acid, Sodium Hyaluronate, Tocopheryl Acetate, Phenoxyethanol, Parfum", 75.00
L'Oréal Paris, Solar Expertise Invisible FPS 60 (40g), "Aqua, Alcohol Denat., Diisopropyl Sebacate, Silica, Isopropyl Myristate, Ethylhexyl Salicylate, Ethylhexyl Triazone, Bis-Ethylhexyloxyphenol Methoxyphenyl Triazine, Butyl Methoxydibenzoylmethane, Glycerin, C12-22 Alkyl Acrylate/Hydroxyethylacrylate Copolymer, Tocopherol", 59.00
L'Oréal Paris, Solar Expertise Antirrugas FPS 60 (40g), "Aqua, Ethylhexyl Salicylate, Glycerin, Octocrylene, Butyl Methoxydibenzoylmethane, Palmitic Acid, Stearic Acid, Hyaluronic Acid, Tocopherol, Triethanolamine, Phenoxyethanol, Parfum", 65.00
L'Oréal Paris, Água Micelar Regular (200ml), "Aqua, Hexylene Glycol, Glycerin, Poloxamer 184, Disodium Cocoamphodiacetate, Disodium EDTA, Polyaminopropyl Biguanide", 35.00
L'Oréal Paris, Água Micelar Hialurônico (200ml), "Aqua, Hexylene Glycol, Glycerin, Sodium Hyaluronate, Poloxamer 184, Disodium Cocoamphodiacetate, Disodium EDTA, Polyaminopropyl Biguanide", 42.00
L'Oréal Paris, Gel de Limpeza Hialurônico (150g), "Aqua, Sodium Laureth Sulfate, Coco-Betaine, Glycerin, Sodium Chloride, Sodium Hyaluronate, Citric Acid, Sodium Hydroxide, Salicylic Acid, Sodium Benzoate, Parfum", 45.00
L'Oréal Paris, Glycolic Bright Sérum (30ml), "Aqua, Glycolic Acid, Niacinamide, Glycerin, Salicylic Acid, Adenosine, Hydroxyethylpiperazine Ethane Sulfonic Acid, Sodium Hyaluronate, Caprylyl Glycol, Phenoxyethanol, Parfum", 115.00
L'Oréal Paris, Glycolic Bright Gel de Limpeza (150g), "Aqua, Sodium Laureth Sulfate, Glycerin, Glycolic Acid, Coco-Betaine, Cocamide MEA, Sodium Chloride, Sodium Hydroxide, Phenoxyethanol, Salicylic Acid, Parfum", 49.00
Océane, Sérum Facial de Vitamina C (30ml), "Aqua, Glycerin, Sodium Ascorbyl Phosphate, Butylene Glycol, Panthenol, Sodium Hyaluronate, Xanthan Gum, Phenoxyethanol, Ethylhexylglycerin, Disodium EDTA", 75.00
Océane, Sérum de Ácido Hialurônico (30ml), "Aqua, Glycerin, Sodium Hyaluronate, Panthenol, 1,2-Hexanediol, Betaine, Ethylhexylglycerin, Carbomer, Arginine, Disodium EDTA", 72.00
Océane, Sérum de Ácido Salicílico (30ml), "Aqua, Butylene Glycol, Salicylic Acid, Glycerin, Niacinamide, Melaleuca Alternifolia (Tea Tree) Leaf Oil, Xanthan Gum, Sodium Hydroxide, 1,2-Hexanediol, Phenoxyethanol", 68.00
Océane, Sérum de Niacinamida (30ml), "Aqua, Niacinamide, Glycerin, Butylene Glycol, Panthenol, Zinc PCA, Sodium Hyaluronate, 1,2-Hexanediol, Ethylhexylglycerin, Xanthan Gum", 65.00
Océane, Gel de Limpeza Facial (150ml), "Aqua, Potassium Cocoyl Glycinate, Glycerin, Lauryl Glucoside, Sodium Hyaluronate, Centella Asiatica Extract, Citric Acid, Phenoxyethanol, Parfum", 48.00
Océane, Hidratante Facial com Cica (50g), "Aqua, Glycerin, Centella Asiatica Extract, Caprylic/Capric Triglyceride, Squalane, Niacinamide, Madecassoside, Asiaticoside, Sodium Hyaluronate, Cetearyl Olivate, Sorbitan Olivate, Phenoxyethanol", 59.00
Océane, Máscara Facial Noturna (50g), "Aqua, Glycerin, Butylene Glycol, Dimethicone, Adenosine, Panthenol, Sodium Hyaluronate, Cetyl Ethylhexanoate, Caprylyl Glycol, 1,2-Hexanediol, Parfum", 62.00
Océane, Cleansing Oil (150ml), "Olea Europaea Fruit Oil, Cetyl Ethylhexanoate, PEG-20 Glyceryl Triisostearate, Simmondsia Chinensis Seed Oil, Helianthus Annuus Seed Oil, Tocopheryl Acetate, Parfum", 79.00
Océane, Bruma Facial Energizante (115ml), "Aqua, Glycerin, Camellia Sinensis Leaf Extract, Rosmarinus Officinalis Leaf Extract, Panthenol, Sodium Hyaluronate, 1,2-Hexanediol, Caprylyl Glycol, PEG-60 Hydrogenated Castor Oil", 52.00
Océane 4YOU, Moisturizer Hidratante Facial (50g), "Aqua, Glycerin, Caprylic/Capric Triglyceride, Niacinamide, Sodium Hyaluronate, Squalane, Centella Asiatica Extract, Carbomer, Arginine, 1,2-Hexanediol, Ethylhexylglycerin", 45.00
Océane, Gel Hidratante Facial com Extrato de Pérola (50g), "Aqua, Glycerin, Pearl Extract, Sodium Hyaluronate, Niacinamide, Butylene Glycol, Panthenol, Allantoin, PEG-60 Hydrogenated Castor Oil, Carbomer, Triethanolamine, Phenoxyethanol, Parfum", 55.00
Océane, Probiotic Gel Cream (50g), "Aqua, Glycerin, Lactobacillus Ferment Lysate, Bifida Ferment Lysate, Lactococcus Ferment Lysate, Sodium Hyaluronate, Ceramide NP, Squalane, Panthenol, 1,2-Hexanediol, Ethylhexylglycerin", 62.00
Océane, Protetor Solar FPS 50 (50ml), "Aqua, Ethylhexyl Methoxycinnamate, Zinc Oxide, Titanium Dioxide, Niacinamide, Glycerin, Ethylhexyl Salicylate, Butylene Glycol, Adenosine, Phenoxyethanol", 69.00
The Joy Lab, AquaPro Cooler Antioxidante (50g), "Aqua, Glycerin, Niacinamide, Sodium Hyaluronate, Astaxanthin, Resveratrol, Camellia Sinensis Leaf Extract (Chá Verde), Panthenol, Tocopheryl Acetate, Mentha Piperita Oil, Carbomer, Phenoxyethanol, Ethylhexylglycerin", 153.00
The Joy Lab, Tônico Revitalizante (120ml), "Aqua, Glycerin, Rosa Damascena Flower Water, Panthenol, Aloe Barbadensis Leaf Extract, Sodium Hyaluronate, Phenoxyethanol, Ethylhexylglycerin", 55.00
The Joy Lab, Powerful Retinoid Retinal + Retinol (30ml), "Aqua, Glycerin, Caprylic/Capric Triglyceride, Retinaldehyde (Retinal), Retinol, Bakuchiol, Sodium Hyaluronate, Panthenol, Bisabolol, Tocopherol, Xanthan Gum, Phenoxyethanol, Ethylhexylglycerin", 129.00
The Joy Lab, Power Clarity Sérum Clareador (30ml), "Aqua, Niacinamide, Tranexamic Acid, Kojic Acid, Alpha-Arbutin, Mandelic Acid, Glycyrrhiza Glabra Root Extract, Glycerin, Sodium Hyaluronate, Phenoxyethanol, Ethylhexylglycerin", 115.00
The Joy Lab, Power Bright Stick (15g), "Caprylic/Capric Triglyceride, Synthetic Wax, Ethylhexyl Methoxycinnamate, Vitamin C (Ascorbyl Tetraisopalmitate), Niacinamide, Bisabolol, Tocopheryl Acetate, Silica, Phenoxyethanol", 89.00
The Joy Lab, Powerful Force Sérum Fortalecedor (30ml), "Aqua, Bifida Ferment Lysate, Lactobacillus Ferment, Niacinamide, Panthenol, Sodium Hyaluronate, Ceramide NP, Ceramide AP, Ceramide EOP, Phytosphingosine, Cholesterol, Glycerin, Phenoxyethanol", 95.00
Mantecorp, Episol Sec OC FPS 60 (60g), "Aqua, Silica, Ethylhexyl Salicylate, Butyl Methoxydibenzoylmethane, Bis-Ethylhexyloxyphenol Methoxyphenyl Triazine, Niacinamide, Zinc PCA, Oryza Sativa Hull Powder, Tocopherol, Phenoxyethanol, Caprylyl Glycol", 79.90
Mantecorp, Episol Color Stick FPS 50 (18g), "Caprylic/Capric Triglyceride, Hydrogenated Vegetable Oil, Titanium Dioxide, CI 77492, CI 77491, CI 77499, Zinc Oxide, Ethylhexyl Methoxycinnamate, Cera Alba, Tocopheryl Acetate, Bisabolol", 109.90
Mantecorp, Episol Intense FPS 60 (200ml), "Aqua, Homosalate, Octocrylene, Butyl Methoxydibenzoylmethane, Glycerin, Styrene/Acrylates Copolymer, Caprylyl Methicone, Tocopheryl Acetate, Phenoxyethanol, Disodium EDTA", 89.90
Mantecorp, Epidrat Calm B5 (50ml), "Aqua, Panthenol, Glycerin, Caprylic/Capric Triglyceride, Squalane, Bisabolol, Allantoin, Glycyrrhiza Glabra Root Extract, Cetearyl Olivate, Sorbitan Olivate, Phenoxyethanol", 99.90
Mantecorp, Epidrat Hyalu Sérum (30ml), "Aqua, Sodium Hyaluronate, Hydrolyzed Hyaluronic Acid, Glycerin, Pentylene Glycol, Panthenol, Xylitylglucoside, Anhydroxylitol, Xylitol, Ethylhexylglycerin, Phenoxyethanol", 121.90
Mantecorp, Epidrat Corpo Intensivo (500g), "Aqua, Glycerin, Urea, Helianthus Annuus Seed Oil, Cetearyl Alcohol, Ceteareth-20, Dimethicone, Tocopheryl Acetate, Sodium Gluconate, Phenoxyethanol, Ethylhexylglycerin", 119.90
Mantecorp, Ivy C Aox Gel Rejuvenescedor (30g), "Aqua, Ascorbyl Tetraisopalmitate, Hyaluronic Acid, Tocopheryl Acetate, Retinyl Palmitate, Glycerin, Cyclopentasiloxane, Ammonium Acryloyldimethyltaurate/VP Copolymer, Phenoxyethanol", 259.90
Mantecorp, Ivy C Ferulic Sérum (30ml), "Aqua, Ascorbic Acid (Nano), Ferulic Acid, Hyaluronic Acid, Tocopherol, Dipropylene Glycol, Glycerin, Xanthan Gum, Phenoxyethanol, Ethylhexylglycerin", 259.90
Mantecorp, Ivy C Corpo e Colo FPS 20 (200ml), "Aqua, Ethylhexyl Methoxycinnamate, Ascorbyl Tetraisopalmitate, Hyaluronic Acid, Glycerin, Cetearyl Alcohol, Ceteareth-20, Tocopheryl Acetate, Phenoxyethanol", 129.90
Mantecorp, Glycare Control Gel de Limpeza (300g), "Aqua, Glycolic Acid, Salicylic Acid, Zinc PCA, Sodium Laureth Sulfate, Cocamidopropyl Betaine, Glycerin, Sodium Chloride, Phenoxyethanol, Parfum", 79.90
Mantecorp, Blancy TX Clareador Facial (30g), "Aqua, Tranexamic Acid, Alpha-Arbutin, Niacinamide, Kojic Acid, Hydroquinone, Glycerin, Xanthan Gum, Phenoxyethanol, Ethylhexylglycerin", 199.90
Mantecorp, Pielus Forte Shampoo Antiqueda (200ml), "Aqua, Sodium Laureth Sulfate, Cocamidopropyl Betaine, Pyridoxine HCl, Zinc PCA, Panthenol, Biotin, Coffea Arabica Seed Oil, Salicylic Acid, Phenoxyethanol", 75.90
Mantecorp, Nouve Silício D (60 cápsulas), "Silício Orgânico, Vitamina D, Biotina, Zinco, Selênio, Cobre, Pantotenato de Cálcio (Composição do Invólucro: Gelatina e Glicerina)", 165.90
Mantecorp, Epidrat Acqua (50g), "Aqua, Glycerin, Sodium Hyaluronate, Camellia Sinensis Leaf Extract, Panthenol, Bisabolol, Carbomer, Phenoxyethanol, Ethylhexylglycerin, Sodium Hydroxide", 89.90
Eucerin, Anti-Pigment Dual Serum (30ml), "Aqua, Alcohol Denat, Butylene Glycol, Glycerin, Octocrylene, Isopropyl Palmitate, Cetearyl Isononanoate, Distarch Phosphate, Methylpropanediol, Isobutylamido Thiazolyl Resorcinol (Thiamidol), Sodium Hyaluronate, Glycyrrhiza Inflata Root Extract, Tocopherol, Glucosylrutin, Sodium Stearoyl Glutamate, Glyceryl Stearate, Sodium Polyacrylate, Dimethicone, Isoquercitrin, Citric Acid, Sodium Chloride, Trisodium EDTA, Caprylyl Glycol, Phenoxyethanol, Parfum", 249.00
Eucerin, Sun Oil Control FPS 60 (50ml), "Aqua, C12-15 Alkyl Benzoate, Alcohol Denat, Butyl Methoxydibenzoylmethane, Butylene Glycol Dicaprylate/Dicaprate, Ethylhexyl Triazone, Bis-Ethylhexyloxyphenol Methoxyphenyl Triazine, Dibutyl Adipate, Diethylamino Hydroxybenzoyl Hexyl Benzoate, Glyceryl Stearate Citrate, L-Carnitine, Glycyrrhetinic Acid, Glycyrrhiza Inflata Root Extract, Glycerin, Silica, Silica Dimethyl Silylate, Carrageenan, Xanthan Gum, Hydroxypropyl Methylcellulose, Sodium Hydroxide, Trisodium EDTA, Hydroxyacetophenone", 105.00
Eucerin, Hyaluron-Filler + Elasticity (50ml), "Aqua, Glycerin, Cetearyl Alcohol, Panthenol, Caprylic/Capric Triglyceride, Ethylhexyl Cocoate, Glyceryl Stearate Citrate, Hydrogenated Coco-Glycerides, Butyrospermum Parkii Butter, Silybum Marianum Fruit Extract, Arctium Lappa Fruit Extract, Sodium Hyaluronate, Argania Spinosa Kernel Oil, Huile d'Argan, Tocopherol, Carrageenan, Biosaccharide Gum-1, Tapioca Starch, Trisodium EDTA, Silica, Sodium Hydroxide, 1,2-Hexanediol, Phenoxyethanol, Benzyl Alcohol, Parfum", 235.00
Eucerin, pH5 Loção Hidratante (400ml), "Aqua, Glycerin, Panthenol, C15-19 Alkane, Cetyl Palmitate, Caprylic/Capric Triglyceride, Cetyl Alcohol, Hydrogenated Coco-Glycerides, Polybutene, Glyceryl Stearate SE, Citric Acid, Sodium Citrate, Tocopheryl Acetate, Sorbitan Stearate, Sodium Cetearyl Sulfate, Stearyl Alcohol, Dimethicone, Carbomer, Tapioca Starch, Sodium Hydroxide, Pentylene Glycol, Caprylyl Glycol, Phenoxyethanol, Benzyl Alcohol, BHT, Parfum", 95.00
Eucerin, Aquaphor Pomada Reparadora (50g), "Paraffinum Liquidum, Cera Microcristallina, Ceresin, Lanolin Alcohol, Panthenol, Glycerin, Bisabolol", 65.00
Eucerin, DermoPure Gel de Limpeza (200ml), "Aqua, Sodium Cocoamphoacetate, Propylene Glycol, Sodium Laureth Sulfate, Sodium Chloride, Citric Acid, Sodium Benzoate, Salicylic Acid, Sebum Regulating Technology", 79.00
Eucerin, UreaRepair Plus 10% (250ml), "Aqua, Urea, Glycerin, Isopropyl Stearate, Dicaprylyl Ether, Glyceryl Glucoside, Sodium Lactate, Butyrospermum Parkii Butter, Nylon-12, Polyglyceryl-4 Diisostearate/Polyhydroxystearate/Sebacate, Carnitine, Cetearyl Alcohol, Ceramide NP, Arginine HCL, Sodium PCA, Histidine, Alanine, Citrulline, Lysine, Serine, Lactic Acid, Sodium Chloride", 115.00
Avène, Cleanance Gel de Limpeza (200ml), "Avène Thermal Spring Water (Avene Aqua), Aqua, Zinc Coceth Sulfate, Lauryl Betaine, Decyl Glucoside, Ceteareth-60 Myristyl Glycol, PEG-7 Glyceryl Cocoate, Isopropyl Alcohol, PEG-40 Hydrogenated Castor Oil, PEG-6, PPG-26-Buteth-26, Silybum Marianum Fruit Extract (Comedoclastin), Zinc Gluconate", 85.00
Avène, Cleanance Comedomed (30ml), "Avène Thermal Spring Water (Avene Aqua), Isopropyl Alcohol, PEG-6, Glycerin, Silybum Marianum Fruit Extract (Comedoclastin), Silica, Polyacrylate-13, Polyisobutene, Polysorbate 20, Sorbitan Isostearate, Aqua", 149.00
Avène, Água Termal (150ml), "Avène Thermal Spring Water (Avene Aqua), Nitrogen", 69.00
Avène, Mat Perfect Fluido FPS 60 (50ml), "Aqua, Silica, Isopropyl Palmitate, Ethylhexyl Triazone, Butyl Methoxydibenzoylmethane, Bis-Ethylhexyloxyphenol Methoxyphenyl Triazine, Adipic Acid/Diglycol Crosspolymer, Avène Thermal Spring Water, Diisopropyl Adipate, Glyceryl Stearate, PEG-100 Stearate, Phenoxyethanol", 95.00
Avène, Hyaluron Activ B3 Sérum (30ml), "Avène Thermal Spring Water (Avene Aqua), Niacinamide, Glycerin, Pentylene Glycol, Sodium Hyaluronate, Adenosine, Citric Acid, Sodium Benzoate", 235.00
Avène, Cicalfate+ Creme Reparador (40ml), "Avène Thermal Spring Water (Avene Aqua), Caprylic/Capric Triglyceride, Glycerin, Zinc Oxide, Copper Sulfate, Zinc Sulfate, Aquaphilus Dolomiae Ferment Filtrate (C+-Restore), Arginine, Tromethamine, Cera Alba, Magnesium Sulfate", 75.00
Avène, Cleanance Detox Máscara (50ml), "Avène Thermal Spring Water (Avene Aqua), Kaolin, Caprylic/Capric Triglyceride, Glycerin, Glyceryl Stearate, Clay, Perlite, Cellulose, Xanthan Gum, Salicylic Acid, Parfum", 119.00
Nivea, Creme Lata Azul (56g), "Aqua, Paraffinum Liquidum, Cera Microcristallina, Glycerin, Lanolin Alcohol (Eucerit), Paraffin, Panthenol, Magnesium Sulfate, Decyl Oleate, Octyldodecanol, Aluminum Stearates, Citric Acid, Magnesium Stearate, Parfum", 25.00
Nivea, Nivea Soft Hidratante (98g), "Aqua, Glycerin, Paraffinum Liquidum, Myristyl Alcohol, Butylene Glycol, Alcohol Denat., Myristyl Myristate, Palmitic Acid, Glyceryl Stearate, Stearic Acid, Cera Microcristallina, Hydrogenated Coco-Glycerides, Simmondsia Chinensis Seed Oil, Tocopheryl Acetate, Lanolin Alcohol (Eucerit), Myristic Acid, Arachidic Acid, Oleic Acid, Polyglyceryl-2 Caprate, Dimethicone, Carbomer, Sodium Hydroxide, Phenoxyethanol, Linalool, Citronellol, Alpha-Isomethyl Ionone, Benzyl Alcohol, Limonene, Benzyl Salicylate, Parfum", 32.00
Nivea, Luminous 630 Antispot Sérum (30ml), "Aqua, Isopropyl Palmitate, Cetearyl Isononanoate, Dimethicone, Glycerin, Alcohol Denat., Cocoglycerides, Distarch Phosphate, Butylene Glycol, Methylpropanediol, Tapioca Starch, Isobutylamido Thiazolyl Resorcinol (Luminous 630), Sodium Hyaluronate, Tocopheryl Acetate, Sodium Stearoyl Glutamate, Ethylhexylglycerin, Sodium Chloride, Phenoxyethanol, Parfum", 145.00
Nivea, Luminous 630 Fluido FPS 50 (40ml), "Aqua, Homosalate, Butyl Methoxydibenzoylmethane, Ethylhexyl Salicylate, Ethylhexyl Triazone, Butylene Glycol Dicaprylate/Dicaprate, Alcohol Denat., Bis-Ethylhexyloxyphenol Methoxyphenyl Triazine, Dimethicone, Silica, Phenylbenzimidazole Sulfonic Acid, Tapioca Starch, Cetearyl Alcohol, Behenyl Alcohol, Isobutylamido Thiazolyl Resorcinol, Sodium Hyaluronate, Tocopheryl Acetate, Sodium Stearoyl Glutamate, Ethylhexylglycerin, Xanthan Gum, Sodium Chloride, Sodium Hydroxide, Phenoxyethanol, Trisodium EDTA, Parfum", 115.00
Nivea, Hidratante Facial Gel com Ácido Hialurônico (100g), "Aqua, Glycerin, Alcohol Denat., Tapioca Starch, Dimethicone, Cetearyl Isononanoate, Sodium Hyaluronate, Squalane, Panthenol, Phenoxyethanol, Carbomer, Sodium Hydroxide, Sodium Sulfate, CI 42090, Parfum", 39.00
Nivea, Facial Antissinais Noite (100g), "Aqua, Glycerin, Butyrospermum Parkii Butter, Cetyl Palmitate, Olus Oil, Cetyl Alcohol, Isopropyl Palmitate, Panthenol, Sodium Polyacrylate, Ethylhexylglycerin, Phenoxyethanol, Linalool, Geraniol, Citronellol, Parfum", 35.00
Nivea, Água Micelar 7 em 1 (200ml), "Aqua, PEG-40 Hydrogenated Castor Oil, Glycerin, Panthenol, Sorbitol, Decyl Glucoside, Poloxamer 124, Polyquaternium-10, Disodium Cocoyl Glutamate, Sodium Chloride, Sodium Acetate, Propylene Glycol, 1,2-Hexanediol, Trisodium EDTA, Phenoxyethanol", 29.00
Nivea, Protetor Solar Sun Protect & Hidrata FPS 50 (200ml), "Aqua, Homosalate, Octocrylene, Glycerin, Ethylhexyl Salicylate, Butyl Methoxydibenzoylmethane, Panthenol, Tocopheryl Acetate, VP/Hexadecene Copolymer, Sodium Acrylates/C10-30 Alkyl Acrylate Crosspolymer, Trisodium EDTA, Phenoxyethanol, Ethylparaben, Methylparaben, Linalool, Limonene, Parfum", 59.00
Nivea, Protetor Solar Sun Beauty Expert Facial FPS 60 (50g), "Aqua, Homosalate, Butyl Methoxydibenzoylmethane, Ethylhexyl Salicylate, Ethylhexyl Triazone, Butylene Glycol Dicaprylate/Dicaprate, Alcohol Denat., Bis-Ethylhexyloxyphenol Methoxyphenyl Triazine, Phenylbenzimidazole Sulfonic Acid, Silica, Cyclomethicone, Tapioca Starch, Cetearyl Alcohol, Behenyl Alcohol, Methylpropanediol, Glycerin, Glycyrrhiza Inflata Root Extract, Tocopheryl Acetate, Sodium Stearoyl Glutamate, Xanthan Gum, Carbomer, Acrylates/C10-30 Alkyl Acrylate Crosspolymer, Dimethicone, Sodium Chloride, Sodium Hydroxide, Trisodium EDTA, Ethylhexylglycerin, Phenoxyethanol, Linalool, Parfum", 55.00
Nivea, Sabonete em Gel Controle de Oleosidade (150g), "Aqua, Isopropyl Palmitate, Glycerin, Cetearyl Alcohol, Glyceryl Stearate, Fucus Vesiculosus Extract, Nelumbo Nucifera Flower Extract, Panthenol, Xanthan Gum, Sodium Stearoyl Glutamate, Citric Acid, Sodium Chloride, Phenoxyethanol, Methylparaben, Geraniol, Parfum", 32.00
Nivea, Tônico Facial Adstringente (200ml), "Aqua, Alcohol Denat., PEG-40 Hydrogenated Castor Oil, Nelumbo Nucifera Flower Extract, Panthenol, Glycerin, Methylparaben, Alpha-Isomethyl Ionone, Geraniol, Citronellol, Parfum", 34.00
Nivea, Hidratante Labial Essential Care (4.8g), "Cera Microcristallina, Octyldodecanol, Hydrogenated Polydecene, Cetyl Palmitate, Ricinus Communis Seed Oil, Myristyl Myristate, VP/Hexadecene Copolymer, Cetearyl Alcohol, Polyglyceryl-3 Diisostearate, Butyrospermum Parkii Butter, Caprylic/Capric Triglyceride, Pentaerythrityl Tetraisostearate, Panthenol, Aqua, C20-40 Alkyl Stearate, Glycerin, Copernicia Cerifera Cera, Cera Alba, Limonene, Linalool, Benzyl Alcohol, Citral, Parfum", 19.00
Nivea, Q10 Plus Antissinais Creme Dia FPS 30 (50g), "Aqua, Homosalate, Glycerin, Cyclomethicone, Butyl Methoxydibenzoylmethane, Ethylhexyl Salicylate, Octocrylene, Methylpropanediol, Tapioca Starch, Cetearyl Alcohol, Palmitic Acid, Stearic Acid, Ubiquinone (Q10), Creatine, 1-Methylhydantoin-2-Imide, Sodium Hyaluronate, Ethylhexylglycerin, Caprylyl Glycol, Trisodium EDTA, 1,2-Hexanediol, Phenoxyethanol, Benzyl Alcohol, Limonene, Parfum", 58.00
Nivea, Loção Hidratante Milk Pele Seca (400ml), "Aqua, Paraffinum Liquidum, C15-19 Alkane, Glycerin, Isopropyl Palmitate, Cera Microcristallina, PEG-40 Sorbitan Perisostearate, Polyglyceryl-3 Diisostearate, Prunus Amygdalus Dulcis Oil (Óleo de Amêndoas), Magnesium Sulfate, Sodium Citrate, Citric Acid, Potassium Sorbate, Linalool, Limonene, Geraniol, Benzyl Alcohol, Citronellol, Alpha-Isomethyl Ionone, Parfum", 28.00
Nivea, Luminous 630 Skin Glow Sérum (15ml), "Aqua, Glycerin, Isopropyl Palmitate, Caprylic/Capric Triglyceride, Methylpropanediol, Cocoglycerides, Cetearyl Alcohol, Cetyl Palmitate, Distarch Phosphate, Glyceryl Stearate, Dimethicone, Butyrospermum Parkii Butter, Isobutylamido Thiazolyl Resorcinol (Luminous 630), Sodium Hyaluronate, Caffeine, Tocopheryl Acetate, Ethylhexylglycerin, Carrageenan, Xanthan Gum, Sodium Stearoyl Glutamate, Sodium Chloride, Sodium Sulfate, Trisodium EDTA, Phenoxyethanol, CI 16035, CI 15985, Parfum", 110.00
Nivea, Luminous 630 Antimarcas de Acne (30ml), "Aqua, Alcohol Denat., Glycerin, Tapioca Starch, Cetearyl Isononanoate, Isopropyl Palmitate, Diffusion Silica, Salicylic Acid, Isobutylamido Thiazolyl Resorcinol (Luminous 630), Sodium Hyaluronate, Camellia Sinensis Leaf Extract, Panthenol, Pantolactone, Tocopherol, Trisodium EDTA, Sodium Lactate, Citric Acid, Sodium Chloride, Parfum", 155.00
Nivea, Preenchedor de Linhas Q10 Expert (15ml), "Aqua, Glycerin, Phenoxyethyl Caprylate, Alcohol Denat., Caprylic/Capric Triglyceride, Cetearyl Alcohol, Glyceryl Stearate Citrate, Ubiquinone (Q10), Malus Domestica Fruit Cell Culture Extract, Creatine, 1-Methylhydantoin-2-Imide, Sodium Hyaluronate, Tocopherol, Sodium Cetearyl Sulfate, Silica, Xanthan Gum, 1,2-Hexanediol, Ethylhexylglycerin, Phenoxyethanol, Parfum", 89.00
Medicube, Zero Pore Pad 2.0 (70 unidades), "Aqua, Methylpropanediol, Tromethamine, Lactic Acid, Salicylic Acid (BHA), Gluconolactone (PHA), Vitis Vinifera Fruit Extract, Salix Alba Bark Extract, Oenothera Biennis Flower Extract, Pueraria Lobata Root Extract, Ulmus Davidiana Root Extract, Pinus Palustris Leaf Extract, Ethylhexylglycerin", 185.00
Medicube, Collagen Night Wrapping Mask (75ml), "Aqua, Polyvinyl Alcohol, Glycerin, Agave Americana Stem Extract, Collagen Extract, Hydrolyzed Collagen, Soluble Collagen, 1,2-Hexanediol, Pullulan, Caprylyl Glycol, Ethylhexylglycerin, Adenosine, Algin, Dipotassium Glycyrrhizate", 220.00
Medicube, Deep Vita C Capsule Cream (50ml), "Aqua, Glycerin, Butylene Glycol, Ascorbic Acid (Vitamin C Pura), Niacinamide, Hippophae Rhamnoides Fruit Extract, Panthenol, Tocopherol, Ubiquinone, Glutathione, Ferulic Acid, Beta-Glucan, Hydrogenated Lecithin, Carbomer, Arginine", 210.00
Medicube, PDRN Pink Peptide Serum (30ml), "Aqua, Butylene Glycol, Niacinamide, Sodium DNA (PDRN), Salmon Egg Extract, Hydrolyzed Collagen, Palmitoyl Tripeptide-5, Cyanocobalamin (Vitamina B12), Adenosine, Sodium Hyaluronate, 1,2-Hexanediol, Ethylhexylglycerin", 245.00
Hada Labo, Gokujyun Lotion (170ml), "Aqua, Butylene Glycol, Glycerin, Diglycerin, Hydrolyzed Hyaluronic Acid (Nano Hyaluronic Acid), Sodium Acetylated Hyaluronate (Super Hyaluronic Acid), Sodium Hyaluronate, Disodium Succinate, Succinic Acid, Methylparaben", 95.00
Hada Labo, Shirojyun Premium Lotion (170ml), "Aqua, Tranexamic Acid, Magnesium Ascorbyl Phosphate (Vitamin C), Tocopherol (Vitamin E), Hydrolyzed Hyaluronic Acid (Nano Hyaluronic Acid), Sodium Hyaluronate, Butylene Glycol, Diglycerin, Glycerin, Dipropylene Glycol, PEG-8, PEG-32, Polysorbate 20", 115.00
Hada Labo, Gokujyun Super Hyaluronic Lotion (170ml), "Aqua, Butylene Glycol, Glycerin, Sodium Acetylated Hyaluronate, Sodium Hyaluronate, Hydrolyzed Hyaluronic Acid, PPG-10 Methyl Glucose Ether, Hydroxyethylcellulose, Disodium Succinate, Succinic Acid, Methylparaben", 105.00